<?xml version="1.0" encoding="UTF-8"?>
<export version="E">
  <design>
    <source>/Users/ryan/Library/Mobile Documents/com~apple~CloudDocs/KiCad/Projects/RP2040Reference/RP2040Reference.kicad_sch</source>
    <date>2022 August 10, Wednesday 21:53:40</date>
    <tool>Eeschema (6.0.7-1)-1</tool>
    <sheet number="1" name="/" tstamps="/">
      <title_block>
        <title/>
        <company/>
        <rev/>
        <date/>
        <source>RP2040Reference.kicad_sch</source>
        <comment number="1" value=""/>
        <comment number="2" value=""/>
        <comment number="3" value=""/>
        <comment number="4" value=""/>
        <comment number="5" value=""/>
        <comment number="6" value=""/>
        <comment number="7" value=""/>
        <comment number="8" value=""/>
        <comment number="9" value=""/>
      </title_block>
    </sheet>
  </design>
  <components>
    <comp ref="C1">
      <value>30p</value>
      <footprint>Capacitor_SMD:C_0402_1005Metric_Pad0.74x0.62mm_HandSolder</footprint>
      <libsource lib="Device" part="C" description="Unpolarized capacitor"/>
      <property name="Sheetname" value=""/>
      <property name="Sheetfile" value="RP2040Reference.kicad_sch"/>
      <sheetpath names="/" tstamps="/"/>
      <tstamps>3e0d7e69-77d9-4081-bc79-445a8e35d0da</tstamps>
    </comp>
    <comp ref="C2">
      <value>10u</value>
      <footprint>Capacitor_SMD:C_0805_2012Metric_Pad1.18x1.45mm_HandSolder</footprint>
      <libsource lib="Device" part="C" description="Unpolarized capacitor"/>
      <property name="Sheetname" value=""/>
      <property name="Sheetfile" value="RP2040Reference.kicad_sch"/>
      <sheetpath names="/" tstamps="/"/>
      <tstamps>45d20260-45d5-4faf-9098-bf92f47d3bd2</tstamps>
    </comp>
    <comp ref="C3">
      <value>30p</value>
      <footprint>Capacitor_SMD:C_0402_1005Metric_Pad0.74x0.62mm_HandSolder</footprint>
      <libsource lib="Device" part="C" description="Unpolarized capacitor"/>
      <property name="Sheetname" value=""/>
      <property name="Sheetfile" value="RP2040Reference.kicad_sch"/>
      <sheetpath names="/" tstamps="/"/>
      <tstamps>90cb05c8-3051-4b90-977a-62f18b9a2413</tstamps>
    </comp>
    <comp ref="C4">
      <value>100n</value>
      <footprint>Capacitor_SMD:C_0402_1005Metric_Pad0.74x0.62mm_HandSolder</footprint>
      <libsource lib="Device" part="C" description="Unpolarized capacitor"/>
      <property name="Sheetname" value=""/>
      <property name="Sheetfile" value="RP2040Reference.kicad_sch"/>
      <sheetpath names="/" tstamps="/"/>
      <tstamps>8fedf7ff-faed-451b-a926-32515723d5f5</tstamps>
    </comp>
    <comp ref="C5">
      <value>10u</value>
      <footprint>Capacitor_SMD:C_0805_2012Metric_Pad1.18x1.45mm_HandSolder</footprint>
      <libsource lib="Device" part="C" description="Unpolarized capacitor"/>
      <property name="Sheetname" value=""/>
      <property name="Sheetfile" value="RP2040Reference.kicad_sch"/>
      <sheetpath names="/" tstamps="/"/>
      <tstamps>622c08ed-020b-4497-a24c-33c9ad641044</tstamps>
    </comp>
    <comp ref="C6">
      <value>100n</value>
      <footprint>Capacitor_SMD:C_0402_1005Metric_Pad0.74x0.62mm_HandSolder</footprint>
      <libsource lib="Device" part="C" description="Unpolarized capacitor"/>
      <property name="Sheetname" value=""/>
      <property name="Sheetfile" value="RP2040Reference.kicad_sch"/>
      <sheetpath names="/" tstamps="/"/>
      <tstamps>7deeba43-0c5b-442e-b9a6-d4015aeb0a5a</tstamps>
    </comp>
    <comp ref="C7">
      <value>100n</value>
      <footprint>Capacitor_SMD:C_0402_1005Metric_Pad0.74x0.62mm_HandSolder</footprint>
      <libsource lib="Device" part="C" description="Unpolarized capacitor"/>
      <property name="Sheetname" value=""/>
      <property name="Sheetfile" value="RP2040Reference.kicad_sch"/>
      <sheetpath names="/" tstamps="/"/>
      <tstamps>111831c1-1e55-4540-b1e3-5408c05face6</tstamps>
    </comp>
    <comp ref="C8">
      <value>1u</value>
      <footprint>Capacitor_SMD:C_0402_1005Metric_Pad0.74x0.62mm_HandSolder</footprint>
      <libsource lib="Device" part="C" description="Unpolarized capacitor"/>
      <property name="Sheetname" value=""/>
      <property name="Sheetfile" value="RP2040Reference.kicad_sch"/>
      <sheetpath names="/" tstamps="/"/>
      <tstamps>42a432fc-2337-42ef-b706-d89c62f10522</tstamps>
    </comp>
    <comp ref="C9">
      <value>100n</value>
      <footprint>Capacitor_SMD:C_0402_1005Metric_Pad0.74x0.62mm_HandSolder</footprint>
      <libsource lib="Device" part="C" description="Unpolarized capacitor"/>
      <property name="Sheetname" value=""/>
      <property name="Sheetfile" value="RP2040Reference.kicad_sch"/>
      <sheetpath names="/" tstamps="/"/>
      <tstamps>7cfacb22-2bb2-4e71-aaf5-4d8f340aa7ac</tstamps>
    </comp>
    <comp ref="C10">
      <value>1u</value>
      <footprint>Capacitor_SMD:C_0402_1005Metric_Pad0.74x0.62mm_HandSolder</footprint>
      <libsource lib="Device" part="C" description="Unpolarized capacitor"/>
      <property name="Sheetname" value=""/>
      <property name="Sheetfile" value="RP2040Reference.kicad_sch"/>
      <sheetpath names="/" tstamps="/"/>
      <tstamps>463bd013-d73d-49bb-ad3d-012cc069be2c</tstamps>
    </comp>
    <comp ref="C11">
      <value>100n</value>
      <footprint>Capacitor_SMD:C_0402_1005Metric_Pad0.74x0.62mm_HandSolder</footprint>
      <libsource lib="Device" part="C" description="Unpolarized capacitor"/>
      <property name="Sheetname" value=""/>
      <property name="Sheetfile" value="RP2040Reference.kicad_sch"/>
      <sheetpath names="/" tstamps="/"/>
      <tstamps>b5b9025b-419b-419e-944d-8066ccc52a07</tstamps>
    </comp>
    <comp ref="C12">
      <value>100n</value>
      <footprint>Capacitor_SMD:C_0402_1005Metric_Pad0.74x0.62mm_HandSolder</footprint>
      <libsource lib="Device" part="C" description="Unpolarized capacitor"/>
      <property name="Sheetname" value=""/>
      <property name="Sheetfile" value="RP2040Reference.kicad_sch"/>
      <sheetpath names="/" tstamps="/"/>
      <tstamps>0861cfcb-4f12-4dda-be76-bf9fcbfacb40</tstamps>
    </comp>
    <comp ref="C13">
      <value>100n</value>
      <footprint>Capacitor_SMD:C_0402_1005Metric_Pad0.74x0.62mm_HandSolder</footprint>
      <libsource lib="Device" part="C" description="Unpolarized capacitor"/>
      <property name="Sheetname" value=""/>
      <property name="Sheetfile" value="RP2040Reference.kicad_sch"/>
      <sheetpath names="/" tstamps="/"/>
      <tstamps>e80a83d6-e89e-48d0-9a58-bf2135502a7d</tstamps>
    </comp>
    <comp ref="C14">
      <value>100n</value>
      <footprint>Capacitor_SMD:C_0402_1005Metric_Pad0.74x0.62mm_HandSolder</footprint>
      <libsource lib="Device" part="C" description="Unpolarized capacitor"/>
      <property name="Sheetname" value=""/>
      <property name="Sheetfile" value="RP2040Reference.kicad_sch"/>
      <sheetpath names="/" tstamps="/"/>
      <tstamps>0ba39f3c-fca4-4172-b775-f20bd768b007</tstamps>
    </comp>
    <comp ref="C15">
      <value>100n</value>
      <footprint>Capacitor_SMD:C_0402_1005Metric_Pad0.74x0.62mm_HandSolder</footprint>
      <libsource lib="Device" part="C" description="Unpolarized capacitor"/>
      <property name="Sheetname" value=""/>
      <property name="Sheetfile" value="RP2040Reference.kicad_sch"/>
      <sheetpath names="/" tstamps="/"/>
      <tstamps>b812da6e-1c66-41d1-a9ec-a2255a3fcd14</tstamps>
    </comp>
    <comp ref="C16">
      <value>100n</value>
      <footprint>Capacitor_SMD:C_0402_1005Metric_Pad0.74x0.62mm_HandSolder</footprint>
      <libsource lib="Device" part="C" description="Unpolarized capacitor"/>
      <property name="Sheetname" value=""/>
      <property name="Sheetfile" value="RP2040Reference.kicad_sch"/>
      <sheetpath names="/" tstamps="/"/>
      <tstamps>cf322a64-3458-435a-a800-1b8e453c6110</tstamps>
    </comp>
    <comp ref="D1">
      <value>LED</value>
      <footprint>Capacitor_SMD:C_0402_1005Metric_Pad0.74x0.62mm_HandSolder</footprint>
      <libsource lib="Device" part="LED" description="Light emitting diode"/>
      <property name="Sheetname" value=""/>
      <property name="Sheetfile" value="RP2040Reference.kicad_sch"/>
      <sheetpath names="/" tstamps="/"/>
      <tstamps>a4ed6261-7e40-4f3a-bb57-2e7fb68c656a</tstamps>
    </comp>
    <comp ref="H1">
      <value>MountingHole</value>
      <footprint>MountingHole:MountingHole_2.7mm_M2.5_DIN965</footprint>
      <libsource lib="Mechanical" part="MountingHole" description="Mounting Hole without connection"/>
      <property name="Sheetname" value=""/>
      <property name="Sheetfile" value="RP2040Reference.kicad_sch"/>
      <sheetpath names="/" tstamps="/"/>
      <tstamps>b6a44f2d-49cc-41c4-9bd6-5734e7fb2696</tstamps>
    </comp>
    <comp ref="H2">
      <value>MountingHole</value>
      <footprint>MountingHole:MountingHole_2.7mm_M2.5_DIN965</footprint>
      <libsource lib="Mechanical" part="MountingHole" description="Mounting Hole without connection"/>
      <property name="Sheetname" value=""/>
      <property name="Sheetfile" value="RP2040Reference.kicad_sch"/>
      <sheetpath names="/" tstamps="/"/>
      <tstamps>44a30dd9-8b4c-4a73-963e-433d0fe4e36e</tstamps>
    </comp>
    <comp ref="H3">
      <value>MountingHole</value>
      <footprint>MountingHole:MountingHole_2.7mm_M2.5_DIN965</footprint>
      <libsource lib="Mechanical" part="MountingHole" description="Mounting Hole without connection"/>
      <property name="Sheetname" value=""/>
      <property name="Sheetfile" value="RP2040Reference.kicad_sch"/>
      <sheetpath names="/" tstamps="/"/>
      <tstamps>e8458171-66f8-4ce6-ae23-1010fbe51965</tstamps>
    </comp>
    <comp ref="H4">
      <value>MountingHole</value>
      <footprint>MountingHole:MountingHole_2.7mm_M2.5_DIN965</footprint>
      <libsource lib="Mechanical" part="MountingHole" description="Mounting Hole without connection"/>
      <property name="Sheetname" value=""/>
      <property name="Sheetfile" value="RP2040Reference.kicad_sch"/>
      <sheetpath names="/" tstamps="/"/>
      <tstamps>5d7ef869-c8da-4a4d-9f03-595ee715d5f4</tstamps>
    </comp>
    <comp ref="J1">
      <value>Conn_01x02</value>
      <footprint>Connector_PinHeader_2.54mm:PinHeader_1x02_P2.54mm_Vertical</footprint>
      <libsource lib="Connector" part="Conn_01x02_Male" description="Generic connector, single row, 01x02, script generated (kicad-library-utils/schlib/autogen/connector/)"/>
      <property name="Sheetname" value=""/>
      <property name="Sheetfile" value="RP2040Reference.kicad_sch"/>
      <sheetpath names="/" tstamps="/"/>
      <tstamps>234d060c-8571-4686-98ee-f92b1182c3c2</tstamps>
    </comp>
    <comp ref="J2">
      <value>USB_C_Receptacle</value>
      <footprint>Connector_USB:USB_C_Receptacle_HRO_TYPE-C-31-M-12</footprint>
      <datasheet>https://www.usb.org/sites/default/files/documents/usb_type-c.zip</datasheet>
      <libsource lib="Connector" part="USB_C_Receptacle" description="USB Full-Featured Type-C Receptacle connector"/>
      <property name="Sheetname" value=""/>
      <property name="Sheetfile" value="RP2040Reference.kicad_sch"/>
      <sheetpath names="/" tstamps="/"/>
      <tstamps>31aba929-bc37-4039-be21-f7b7632f4767</tstamps>
    </comp>
    <comp ref="J3">
      <value>Conn_01x04</value>
      <footprint>Connector_PinHeader_2.54mm:PinHeader_1x04_P2.54mm_Vertical</footprint>
      <libsource lib="Connector" part="Conn_01x04_Male" description="Generic connector, single row, 01x04, script generated (kicad-library-utils/schlib/autogen/connector/)"/>
      <property name="Sheetname" value=""/>
      <property name="Sheetfile" value="RP2040Reference.kicad_sch"/>
      <sheetpath names="/" tstamps="/"/>
      <tstamps>1d2f7111-cbea-4105-8afc-1a5186048a49</tstamps>
    </comp>
    <comp ref="J4">
      <value>Conn_01x02</value>
      <footprint>Connector_PinHeader_2.54mm:PinHeader_1x02_P2.54mm_Vertical</footprint>
      <libsource lib="Connector" part="Conn_01x02_Male" description="Generic connector, single row, 01x02, script generated (kicad-library-utils/schlib/autogen/connector/)"/>
      <property name="Sheetname" value=""/>
      <property name="Sheetfile" value="RP2040Reference.kicad_sch"/>
      <sheetpath names="/" tstamps="/"/>
      <tstamps>50eb24c7-8791-4d14-b91f-b0d7f6787197</tstamps>
    </comp>
    <comp ref="R1">
      <value>1k</value>
      <footprint>Resistor_SMD:R_0402_1005Metric_Pad0.72x0.64mm_HandSolder</footprint>
      <libsource lib="Device" part="R" description="Resistor"/>
      <property name="Sheetname" value=""/>
      <property name="Sheetfile" value="RP2040Reference.kicad_sch"/>
      <sheetpath names="/" tstamps="/"/>
      <tstamps>282337ab-fcf4-4ccd-a1e2-3638967c0653</tstamps>
    </comp>
    <comp ref="R2">
      <value>5k1</value>
      <footprint>Resistor_SMD:R_0402_1005Metric_Pad0.72x0.64mm_HandSolder</footprint>
      <libsource lib="Device" part="R" description="Resistor"/>
      <property name="Sheetname" value=""/>
      <property name="Sheetfile" value="RP2040Reference.kicad_sch"/>
      <sheetpath names="/" tstamps="/"/>
      <tstamps>18cb70ed-1a45-4663-8a3d-6775dd94930f</tstamps>
    </comp>
    <comp ref="R3">
      <value>5k1</value>
      <footprint>Resistor_SMD:R_0402_1005Metric_Pad0.72x0.64mm_HandSolder</footprint>
      <libsource lib="Device" part="R" description="Resistor"/>
      <property name="Sheetname" value=""/>
      <property name="Sheetfile" value="RP2040Reference.kicad_sch"/>
      <sheetpath names="/" tstamps="/"/>
      <tstamps>c98deef1-03a1-4f9d-9698-b0dce75ddad2</tstamps>
    </comp>
    <comp ref="R4">
      <value>1k</value>
      <footprint>Resistor_SMD:R_0402_1005Metric_Pad0.72x0.64mm_HandSolder</footprint>
      <libsource lib="Device" part="R" description="Resistor"/>
      <property name="Sheetname" value=""/>
      <property name="Sheetfile" value="RP2040Reference.kicad_sch"/>
      <sheetpath names="/" tstamps="/"/>
      <tstamps>1326dc4f-a681-48de-996c-2068fb2af4a7</tstamps>
    </comp>
    <comp ref="R5">
      <value>1k</value>
      <footprint>Resistor_SMD:R_0402_1005Metric_Pad0.72x0.64mm_HandSolder</footprint>
      <libsource lib="Device" part="R" description="Resistor"/>
      <property name="Sheetname" value=""/>
      <property name="Sheetfile" value="RP2040Reference.kicad_sch"/>
      <sheetpath names="/" tstamps="/"/>
      <tstamps>6ecd6f9b-3c18-45ab-af1d-9ac75e5e5d0a</tstamps>
    </comp>
    <comp ref="R6">
      <value>27R</value>
      <footprint>Resistor_SMD:R_0402_1005Metric_Pad0.72x0.64mm_HandSolder</footprint>
      <libsource lib="Device" part="R" description="Resistor"/>
      <property name="Sheetname" value=""/>
      <property name="Sheetfile" value="RP2040Reference.kicad_sch"/>
      <sheetpath names="/" tstamps="/"/>
      <tstamps>532c4b99-b994-4a2a-800a-7d497c4544a8</tstamps>
    </comp>
    <comp ref="R7">
      <value>27R</value>
      <footprint>Resistor_SMD:R_0402_1005Metric_Pad0.72x0.64mm_HandSolder</footprint>
      <libsource lib="Device" part="R" description="Resistor"/>
      <property name="Sheetname" value=""/>
      <property name="Sheetfile" value="RP2040Reference.kicad_sch"/>
      <sheetpath names="/" tstamps="/"/>
      <tstamps>10774f55-2192-4384-8244-d13af01c9b2d</tstamps>
    </comp>
    <comp ref="R8">
      <value>10k</value>
      <footprint>Resistor_SMD:R_0402_1005Metric_Pad0.72x0.64mm_HandSolder</footprint>
      <libsource lib="Device" part="R" description="Resistor"/>
      <property name="Sheetname" value=""/>
      <property name="Sheetfile" value="RP2040Reference.kicad_sch"/>
      <sheetpath names="/" tstamps="/"/>
      <tstamps>78e4a421-4127-4a0f-9dd0-a8dbe9618029</tstamps>
    </comp>
    <comp ref="U1">
      <value>W25Q32JVSS</value>
      <footprint>Package_SO:SOIC-8_5.23x5.23mm_P1.27mm</footprint>
      <datasheet>http://www.winbond.com/resource-files/w25q32jv%20revg%2003272018%20plus.pdf</datasheet>
      <libsource lib="Memory_Flash" part="W25Q32JVSS" description="32Mb Serial Flash Memory, Standard/Dual/Quad SPI, SOIC-8"/>
      <property name="Sheetname" value=""/>
      <property name="Sheetfile" value="RP2040Reference.kicad_sch"/>
      <sheetpath names="/" tstamps="/"/>
      <tstamps>61c813e2-bfe1-498b-aef9-bc5b8250d5dd</tstamps>
    </comp>
    <comp ref="U2">
      <value>NCP1117-3.3_SOT223</value>
      <footprint>Package_TO_SOT_SMD:SOT-223-3_TabPin2</footprint>
      <datasheet>http://www.onsemi.com/pub_link/Collateral/NCP1117-D.PDF</datasheet>
      <libsource lib="Regulator_Linear" part="NCP1117-3.3_SOT223" description="1A Low drop-out regulator, Fixed Output 3.3V, SOT-223"/>
      <property name="Sheetname" value=""/>
      <property name="Sheetfile" value="RP2040Reference.kicad_sch"/>
      <sheetpath names="/" tstamps="/"/>
      <tstamps>7f4106a3-a21c-41fa-ba42-9db8832ce2fd</tstamps>
    </comp>
    <comp ref="U3">
      <value>RP2040</value>
      <footprint>RP2040_minimal:RP2040-QFN-56</footprint>
      <libsource lib="MCU_RaspberryPi_and_Boards" part="RP2040" description=""/>
      <property name="Sheetname" value=""/>
      <property name="Sheetfile" value="RP2040Reference.kicad_sch"/>
      <sheetpath names="/" tstamps="/"/>
      <tstamps>176d3237-0c08-45c6-8fb9-45fc04218f70</tstamps>
    </comp>
    <comp ref="Y1">
      <value>12MHz</value>
      <footprint>Crystal:Crystal_SMD_3225-4Pin_3.2x2.5mm_HandSoldering</footprint>
      <libsource lib="Device" part="Crystal_GND24" description="Four pin crystal, GND on pins 2 and 4"/>
      <property name="Sheetname" value=""/>
      <property name="Sheetfile" value="RP2040Reference.kicad_sch"/>
      <sheetpath names="/" tstamps="/"/>
      <tstamps>c37b4ebc-7817-4dad-981c-cbcffe6dfa0a</tstamps>
    </comp>
  </components>
  <libparts>
    <libpart lib="Connector" part="Conn_01x02_Male">
      <description>Generic connector, single row, 01x02, script generated (kicad-library-utils/schlib/autogen/connector/)</description>
      <docs>~</docs>
      <footprints>
        <fp>Connector*:*_1x??_*</fp>
      </footprints>
      <fields>
        <field name="Reference">J</field>
        <field name="Value">Conn_01x02_Male</field>
        <field name="Datasheet">~</field>
      </fields>
      <pins>
        <pin num="1" name="Pin_1" type="passive"/>
        <pin num="2" name="Pin_2" type="passive"/>
      </pins>
    </libpart>
    <libpart lib="Connector" part="Conn_01x04_Male">
      <description>Generic connector, single row, 01x04, script generated (kicad-library-utils/schlib/autogen/connector/)</description>
      <docs>~</docs>
      <footprints>
        <fp>Connector*:*_1x??_*</fp>
      </footprints>
      <fields>
        <field name="Reference">J</field>
        <field name="Value">Conn_01x04_Male</field>
        <field name="Datasheet">~</field>
      </fields>
      <pins>
        <pin num="1" name="Pin_1" type="passive"/>
        <pin num="2" name="Pin_2" type="passive"/>
        <pin num="3" name="Pin_3" type="passive"/>
        <pin num="4" name="Pin_4" type="passive"/>
      </pins>
    </libpart>
    <libpart lib="Connector" part="USB_C_Receptacle">
      <description>USB Full-Featured Type-C Receptacle connector</description>
      <docs>https://www.usb.org/sites/default/files/documents/usb_type-c.zip</docs>
      <footprints>
        <fp>USB*C*Receptacle*</fp>
      </footprints>
      <fields>
        <field name="Reference">J</field>
        <field name="Value">USB_C_Receptacle</field>
        <field name="Datasheet">https://www.usb.org/sites/default/files/documents/usb_type-c.zip</field>
      </fields>
      <pins>
        <pin num="A1" name="GND" type="passive"/>
        <pin num="A2" name="TX1+" type="bidirectional"/>
        <pin num="A3" name="TX1-" type="bidirectional"/>
        <pin num="A4" name="VBUS" type="passive"/>
        <pin num="A5" name="CC1" type="bidirectional"/>
        <pin num="A6" name="D+" type="bidirectional"/>
        <pin num="A7" name="D-" type="bidirectional"/>
        <pin num="A8" name="SBU1" type="bidirectional"/>
        <pin num="A9" name="VBUS" type="passive"/>
        <pin num="A10" name="RX2-" type="bidirectional"/>
        <pin num="A11" name="RX2+" type="bidirectional"/>
        <pin num="A12" name="GND" type="passive"/>
        <pin num="B1" name="GND" type="passive"/>
        <pin num="B2" name="TX2+" type="bidirectional"/>
        <pin num="B3" name="TX2-" type="bidirectional"/>
        <pin num="B4" name="VBUS" type="passive"/>
        <pin num="B5" name="CC2" type="bidirectional"/>
        <pin num="B6" name="D+" type="bidirectional"/>
        <pin num="B7" name="D-" type="bidirectional"/>
        <pin num="B8" name="SBU2" type="bidirectional"/>
        <pin num="B9" name="VBUS" type="passive"/>
        <pin num="B10" name="RX1-" type="bidirectional"/>
        <pin num="B11" name="RX1+" type="bidirectional"/>
        <pin num="B12" name="GND" type="passive"/>
        <pin num="S1" name="SHIELD" type="passive"/>
      </pins>
    </libpart>
    <libpart lib="Device" part="C">
      <description>Unpolarized capacitor</description>
      <docs>~</docs>
      <footprints>
        <fp>C_*</fp>
      </footprints>
      <fields>
        <field name="Reference">C</field>
        <field name="Value">C</field>
        <field name="Datasheet">~</field>
      </fields>
      <pins>
        <pin num="1" name="" type="passive"/>
        <pin num="2" name="" type="passive"/>
      </pins>
    </libpart>
    <libpart lib="Device" part="Crystal_GND24">
      <description>Four pin crystal, GND on pins 2 and 4</description>
      <docs>~</docs>
      <footprints>
        <fp>Crystal*</fp>
      </footprints>
      <fields>
        <field name="Reference">Y</field>
        <field name="Value">Crystal_GND24</field>
        <field name="Datasheet">~</field>
      </fields>
      <pins>
        <pin num="1" name="1" type="passive"/>
        <pin num="2" name="2" type="passive"/>
        <pin num="3" name="3" type="passive"/>
        <pin num="4" name="4" type="passive"/>
      </pins>
    </libpart>
    <libpart lib="Device" part="LED">
      <description>Light emitting diode</description>
      <docs>~</docs>
      <footprints>
        <fp>LED*</fp>
        <fp>LED_SMD:*</fp>
        <fp>LED_THT:*</fp>
      </footprints>
      <fields>
        <field name="Reference">D</field>
        <field name="Value">LED</field>
        <field name="Datasheet">~</field>
      </fields>
      <pins>
        <pin num="1" name="K" type="passive"/>
        <pin num="2" name="A" type="passive"/>
      </pins>
    </libpart>
    <libpart lib="Device" part="R">
      <description>Resistor</description>
      <docs>~</docs>
      <footprints>
        <fp>R_*</fp>
      </footprints>
      <fields>
        <field name="Reference">R</field>
        <field name="Value">R</field>
        <field name="Datasheet">~</field>
      </fields>
      <pins>
        <pin num="1" name="" type="passive"/>
        <pin num="2" name="" type="passive"/>
      </pins>
    </libpart>
    <libpart lib="MCU_RaspberryPi_and_Boards" part="RP2040">
      <fields>
        <field name="Reference">U</field>
        <field name="Value">RP2040</field>
        <field name="Footprint">RP2040_minimal:RP2040-QFN-56</field>
      </fields>
      <pins>
        <pin num="1" name="IOVDD" type="power_in"/>
        <pin num="2" name="GPIO0" type="bidirectional"/>
        <pin num="3" name="GPIO1" type="bidirectional"/>
        <pin num="4" name="GPIO2" type="bidirectional"/>
        <pin num="5" name="GPIO3" type="bidirectional"/>
        <pin num="6" name="GPIO4" type="bidirectional"/>
        <pin num="7" name="GPIO5" type="bidirectional"/>
        <pin num="8" name="GPIO6" type="bidirectional"/>
        <pin num="9" name="GPIO7" type="bidirectional"/>
        <pin num="10" name="IOVDD" type="power_in"/>
        <pin num="11" name="GPIO8" type="bidirectional"/>
        <pin num="12" name="GPIO9" type="bidirectional"/>
        <pin num="13" name="GPIO10" type="bidirectional"/>
        <pin num="14" name="GPIO11" type="bidirectional"/>
        <pin num="15" name="GPIO12" type="bidirectional"/>
        <pin num="16" name="GPIO13" type="bidirectional"/>
        <pin num="17" name="GPIO14" type="bidirectional"/>
        <pin num="18" name="GPIO15" type="bidirectional"/>
        <pin num="19" name="TESTEN" type="passive"/>
        <pin num="20" name="XIN" type="input"/>
        <pin num="21" name="XOUT" type="passive"/>
        <pin num="22" name="IOVDD" type="power_in"/>
        <pin num="23" name="DVDD" type="power_in"/>
        <pin num="24" name="SWCLK" type="output"/>
        <pin num="25" name="SWD" type="bidirectional"/>
        <pin num="26" name="RUN" type="input"/>
        <pin num="27" name="GPIO16" type="bidirectional"/>
        <pin num="28" name="GPIO17" type="bidirectional"/>
        <pin num="29" name="GPIO18" type="bidirectional"/>
        <pin num="30" name="GPIO19" type="bidirectional"/>
        <pin num="31" name="GPIO20" type="bidirectional"/>
        <pin num="32" name="GPIO21" type="bidirectional"/>
        <pin num="33" name="IOVDD" type="power_in"/>
        <pin num="34" name="GPIO22" type="bidirectional"/>
        <pin num="35" name="GPIO23" type="bidirectional"/>
        <pin num="36" name="GPIO24" type="bidirectional"/>
        <pin num="37" name="GPIO25" type="bidirectional"/>
        <pin num="38" name="GPIO26_ADC0" type="bidirectional"/>
        <pin num="39" name="GPIO27_ADC1" type="bidirectional"/>
        <pin num="40" name="GPIO28_ADC2" type="bidirectional"/>
        <pin num="41" name="GPIO29_ADC3" type="bidirectional"/>
        <pin num="42" name="IOVDD" type="power_in"/>
        <pin num="43" name="ADC_AVDD" type="power_in"/>
        <pin num="44" name="VREG_IN" type="power_in"/>
        <pin num="45" name="VREG_VOUT" type="power_out"/>
        <pin num="46" name="USB_DM" type="bidirectional"/>
        <pin num="47" name="USB_DP" type="bidirectional"/>
        <pin num="48" name="USB_VDD" type="power_in"/>
        <pin num="49" name="IOVDD" type="power_in"/>
        <pin num="50" name="DVDD" type="power_in"/>
        <pin num="51" name="QSPI_SD3" type="bidirectional"/>
        <pin num="52" name="QSPI_SCLK" type="output"/>
        <pin num="53" name="QSPI_SD0" type="bidirectional"/>
        <pin num="54" name="QSPI_SD2" type="bidirectional"/>
        <pin num="55" name="QSPI_SD1" type="bidirectional"/>
        <pin num="56" name="QSPI_SS" type="bidirectional"/>
        <pin num="57" name="GND" type="power_in"/>
      </pins>
    </libpart>
    <libpart lib="Mechanical" part="MountingHole">
      <description>Mounting Hole without connection</description>
      <docs>~</docs>
      <footprints>
        <fp>MountingHole*</fp>
      </footprints>
      <fields>
        <field name="Reference">H</field>
        <field name="Value">MountingHole</field>
        <field name="Datasheet">~</field>
      </fields>
    </libpart>
    <libpart lib="Memory_Flash" part="W25Q32JVSS">
      <description>32Mb Serial Flash Memory, Standard/Dual/Quad SPI, SOIC-8</description>
      <docs>http://www.winbond.com/resource-files/w25q32jv%20revg%2003272018%20plus.pdf</docs>
      <footprints>
        <fp>SOIC*5.23x5.23mm*P1.27mm*</fp>
      </footprints>
      <fields>
        <field name="Reference">U</field>
        <field name="Value">W25Q32JVSS</field>
        <field name="Footprint">Package_SO:SOIC-8_5.23x5.23mm_P1.27mm</field>
        <field name="Datasheet">http://www.winbond.com/resource-files/w25q32jv%20revg%2003272018%20plus.pdf</field>
      </fields>
      <pins>
        <pin num="1" name="~{CS}" type="input"/>
        <pin num="2" name="DO(IO1)" type="bidirectional"/>
        <pin num="3" name="IO2" type="bidirectional"/>
        <pin num="4" name="GND" type="power_in"/>
        <pin num="5" name="DI(IO0)" type="bidirectional"/>
        <pin num="6" name="CLK" type="input"/>
        <pin num="7" name="IO3" type="bidirectional"/>
        <pin num="8" name="VCC" type="power_in"/>
      </pins>
    </libpart>
    <libpart lib="Regulator_Linear" part="NCP1117-3.3_SOT223">
      <description>1A Low drop-out regulator, Fixed Output 3.3V, SOT-223</description>
      <docs>http://www.onsemi.com/pub_link/Collateral/NCP1117-D.PDF</docs>
      <footprints>
        <fp>SOT?223*TabPin2*</fp>
      </footprints>
      <fields>
        <field name="Reference">U</field>
        <field name="Value">NCP1117-3.3_SOT223</field>
        <field name="Footprint">Package_TO_SOT_SMD:SOT-223-3_TabPin2</field>
        <field name="Datasheet">http://www.onsemi.com/pub_link/Collateral/NCP1117-D.PDF</field>
      </fields>
      <pins>
        <pin num="1" name="GND" type="power_in"/>
        <pin num="2" name="VO" type="power_out"/>
        <pin num="3" name="VI" type="power_in"/>
      </pins>
    </libpart>
  </libparts>
  <libraries>
    <library logical="Connector">
      <uri>/Applications/KiCad/KiCad.app/Contents/SharedSupport/symbols//Connector.kicad_sym</uri>
    </library>
    <library logical="Device">
      <uri>/Applications/KiCad/KiCad.app/Contents/SharedSupport/symbols//Device.kicad_sym</uri>
    </library>
    <library logical="MCU_RaspberryPi_and_Boards">
      <uri>/Users/ryan/Documents/KiCad/Projects/KiCad-RP-Pico-main/RP-Pico Libraries/MCU_RaspberryPi_and_Boards.kicad_sym</uri>
    </library>
    <library logical="Mechanical">
      <uri>/Applications/KiCad/KiCad.app/Contents/SharedSupport/symbols//Mechanical.kicad_sym</uri>
    </library>
    <library logical="Memory_Flash">
      <uri>/Applications/KiCad/KiCad.app/Contents/SharedSupport/symbols//Memory_Flash.kicad_sym</uri>
    </library>
    <library logical="Regulator_Linear">
      <uri>/Applications/KiCad/KiCad.app/Contents/SharedSupport/symbols//Regulator_Linear.kicad_sym</uri>
    </library>
  </libraries>
  <nets>
    <net code="1" name="+1V1">
      <node ref="C6" pin="1" pintype="passive"/>
      <node ref="C7" pin="1" pintype="passive"/>
      <node ref="C8" pin="1" pintype="passive"/>
      <node ref="U3" pin="23" pinfunction="DVDD" pintype="power_in"/>
      <node ref="U3" pin="45" pinfunction="VREG_VOUT" pintype="power_out"/>
      <node ref="U3" pin="50" pinfunction="DVDD" pintype="power_in"/>
    </net>
    <net code="2" name="+3.3V">
      <node ref="C10" pin="1" pintype="passive"/>
      <node ref="C11" pin="1" pintype="passive"/>
      <node ref="C12" pin="1" pintype="passive"/>
      <node ref="C13" pin="1" pintype="passive"/>
      <node ref="C14" pin="1" pintype="passive"/>
      <node ref="C15" pin="1" pintype="passive"/>
      <node ref="C16" pin="1" pintype="passive"/>
      <node ref="C4" pin="1" pintype="passive"/>
      <node ref="C5" pin="1" pintype="passive"/>
      <node ref="C9" pin="1" pintype="passive"/>
      <node ref="D1" pin="2" pinfunction="A" pintype="passive"/>
      <node ref="J3" pin="1" pinfunction="Pin_1" pintype="passive"/>
      <node ref="R8" pin="1" pintype="passive"/>
      <node ref="U1" pin="8" pinfunction="VCC" pintype="power_in"/>
      <node ref="U2" pin="2" pinfunction="VO" pintype="power_out"/>
      <node ref="U3" pin="1" pinfunction="IOVDD" pintype="power_in"/>
      <node ref="U3" pin="10" pinfunction="IOVDD" pintype="power_in"/>
      <node ref="U3" pin="22" pinfunction="IOVDD" pintype="power_in"/>
      <node ref="U3" pin="33" pinfunction="IOVDD" pintype="power_in"/>
      <node ref="U3" pin="42" pinfunction="IOVDD" pintype="power_in"/>
      <node ref="U3" pin="43" pinfunction="ADC_AVDD" pintype="power_in"/>
      <node ref="U3" pin="44" pinfunction="VREG_IN" pintype="power_in"/>
      <node ref="U3" pin="48" pinfunction="USB_VDD" pintype="power_in"/>
      <node ref="U3" pin="49" pinfunction="IOVDD" pintype="power_in"/>
    </net>
    <net code="3" name="/QSPI_SCLK">
      <node ref="U1" pin="6" pinfunction="CLK" pintype="input"/>
      <node ref="U3" pin="52" pinfunction="QSPI_SCLK" pintype="output"/>
    </net>
    <net code="4" name="/QSPI_SD0">
      <node ref="U1" pin="5" pinfunction="DI(IO0)" pintype="bidirectional"/>
      <node ref="U3" pin="53" pinfunction="QSPI_SD0" pintype="bidirectional"/>
    </net>
    <net code="5" name="/QSPI_SD1">
      <node ref="U1" pin="2" pinfunction="DO(IO1)" pintype="bidirectional"/>
      <node ref="U3" pin="55" pinfunction="QSPI_SD1" pintype="bidirectional"/>
    </net>
    <net code="6" name="/QSPI_SD2">
      <node ref="U1" pin="3" pinfunction="IO2" pintype="bidirectional"/>
      <node ref="U3" pin="54" pinfunction="QSPI_SD2" pintype="bidirectional"/>
    </net>
    <net code="7" name="/QSPI_SD3">
      <node ref="U1" pin="7" pinfunction="IO3" pintype="bidirectional"/>
      <node ref="U3" pin="51" pinfunction="QSPI_SD3" pintype="bidirectional"/>
    </net>
    <net code="8" name="/RUN">
      <node ref="J4" pin="1" pinfunction="Pin_1" pintype="passive"/>
      <node ref="R8" pin="2" pintype="passive"/>
      <node ref="U3" pin="26" pinfunction="RUN" pintype="input"/>
    </net>
    <net code="9" name="/SQPI_SS">
      <node ref="R1" pin="2" pintype="passive"/>
      <node ref="U1" pin="1" pinfunction="~{CS}" pintype="input"/>
      <node ref="U3" pin="56" pinfunction="QSPI_SS" pintype="bidirectional"/>
    </net>
    <net code="10" name="/SWCLK">
      <node ref="J3" pin="2" pinfunction="Pin_2" pintype="passive"/>
      <node ref="U3" pin="24" pinfunction="SWCLK" pintype="output"/>
    </net>
    <net code="11" name="/SWD">
      <node ref="J3" pin="3" pinfunction="Pin_3" pintype="passive"/>
      <node ref="U3" pin="25" pinfunction="SWD" pintype="bidirectional"/>
    </net>
    <net code="12" name="/USB_BOOT">
      <node ref="J1" pin="1" pinfunction="Pin_1" pintype="passive"/>
      <node ref="R1" pin="1" pintype="passive"/>
    </net>
    <net code="13" name="/USB_D+">
      <node ref="J2" pin="A6" pinfunction="D+" pintype="bidirectional"/>
      <node ref="J2" pin="B6" pinfunction="D+" pintype="bidirectional"/>
      <node ref="R6" pin="1" pintype="passive"/>
      <node ref="R6" pin="2" pintype="passive"/>
      <node ref="U3" pin="47" pinfunction="USB_DP" pintype="bidirectional"/>
    </net>
    <net code="14" name="/USB_D-">
      <node ref="J2" pin="A7" pinfunction="D-" pintype="bidirectional"/>
      <node ref="J2" pin="B7" pinfunction="D-" pintype="bidirectional"/>
      <node ref="R7" pin="1" pintype="passive"/>
      <node ref="R7" pin="2" pintype="passive"/>
      <node ref="U3" pin="46" pinfunction="USB_DM" pintype="bidirectional"/>
    </net>
    <net code="15" name="/XIN">
      <node ref="C1" pin="1" pintype="passive"/>
      <node ref="U3" pin="20" pinfunction="XIN" pintype="input"/>
      <node ref="Y1" pin="1" pinfunction="1" pintype="passive"/>
    </net>
    <net code="16" name="/XOUT">
      <node ref="R4" pin="1" pintype="passive"/>
      <node ref="U3" pin="21" pinfunction="XOUT" pintype="passive"/>
    </net>
    <net code="17" name="GND">
      <node ref="C1" pin="2" pintype="passive"/>
      <node ref="C10" pin="2" pintype="passive"/>
      <node ref="C11" pin="2" pintype="passive"/>
      <node ref="C12" pin="2" pintype="passive"/>
      <node ref="C13" pin="2" pintype="passive"/>
      <node ref="C14" pin="2" pintype="passive"/>
      <node ref="C15" pin="2" pintype="passive"/>
      <node ref="C16" pin="2" pintype="passive"/>
      <node ref="C2" pin="2" pintype="passive"/>
      <node ref="C3" pin="2" pintype="passive"/>
      <node ref="C4" pin="2" pintype="passive"/>
      <node ref="C5" pin="2" pintype="passive"/>
      <node ref="C6" pin="2" pintype="passive"/>
      <node ref="C7" pin="2" pintype="passive"/>
      <node ref="C8" pin="2" pintype="passive"/>
      <node ref="C9" pin="2" pintype="passive"/>
      <node ref="J1" pin="2" pinfunction="Pin_2" pintype="passive"/>
      <node ref="J2" pin="A1" pinfunction="GND" pintype="passive"/>
      <node ref="J2" pin="A12" pinfunction="GND" pintype="passive"/>
      <node ref="J2" pin="B1" pinfunction="GND" pintype="passive"/>
      <node ref="J2" pin="B12" pinfunction="GND" pintype="passive"/>
      <node ref="J3" pin="4" pinfunction="Pin_4" pintype="passive"/>
      <node ref="J4" pin="2" pinfunction="Pin_2" pintype="passive"/>
      <node ref="R2" pin="2" pintype="passive"/>
      <node ref="R3" pin="2" pintype="passive"/>
      <node ref="R5" pin="2" pintype="passive"/>
      <node ref="U1" pin="4" pinfunction="GND" pintype="power_in"/>
      <node ref="U2" pin="1" pinfunction="GND" pintype="power_in"/>
      <node ref="U3" pin="19" pinfunction="TESTEN" pintype="passive"/>
      <node ref="U3" pin="57" pinfunction="GND" pintype="power_in"/>
      <node ref="Y1" pin="2" pinfunction="2" pintype="passive"/>
      <node ref="Y1" pin="4" pinfunction="4" pintype="passive"/>
    </net>
    <net code="18" name="Net-(C3-Pad1)">
      <node ref="C3" pin="1" pintype="passive"/>
      <node ref="R4" pin="2" pintype="passive"/>
      <node ref="Y1" pin="3" pinfunction="3" pintype="passive"/>
    </net>
    <net code="19" name="Net-(D1-Pad1)">
      <node ref="D1" pin="1" pinfunction="K" pintype="passive"/>
      <node ref="R5" pin="1" pintype="passive"/>
    </net>
    <net code="20" name="Net-(J2-PadA5)">
      <node ref="J2" pin="A5" pinfunction="CC1" pintype="bidirectional"/>
      <node ref="R2" pin="1" pintype="passive"/>
    </net>
    <net code="21" name="Net-(J2-PadB5)">
      <node ref="J2" pin="B5" pinfunction="CC2" pintype="bidirectional"/>
      <node ref="R3" pin="1" pintype="passive"/>
    </net>
    <net code="22" name="VBUS">
      <node ref="C2" pin="1" pintype="passive"/>
      <node ref="J2" pin="A4" pinfunction="VBUS" pintype="passive"/>
      <node ref="J2" pin="A9" pinfunction="VBUS" pintype="passive"/>
      <node ref="J2" pin="B4" pinfunction="VBUS" pintype="passive"/>
      <node ref="J2" pin="B9" pinfunction="VBUS" pintype="passive"/>
      <node ref="U2" pin="3" pinfunction="VI" pintype="power_in"/>
    </net>
    <net code="23" name="unconnected-(J2-PadA2)">
      <node ref="J2" pin="A2" pinfunction="TX1+" pintype="bidirectional+no_connect"/>
    </net>
    <net code="24" name="unconnected-(J2-PadA3)">
      <node ref="J2" pin="A3" pinfunction="TX1-" pintype="bidirectional+no_connect"/>
    </net>
    <net code="25" name="unconnected-(J2-PadA8)">
      <node ref="J2" pin="A8" pinfunction="SBU1" pintype="bidirectional+no_connect"/>
    </net>
    <net code="26" name="unconnected-(J2-PadA10)">
      <node ref="J2" pin="A10" pinfunction="RX2-" pintype="bidirectional+no_connect"/>
    </net>
    <net code="27" name="unconnected-(J2-PadA11)">
      <node ref="J2" pin="A11" pinfunction="RX2+" pintype="bidirectional+no_connect"/>
    </net>
    <net code="28" name="unconnected-(J2-PadB2)">
      <node ref="J2" pin="B2" pinfunction="TX2+" pintype="bidirectional+no_connect"/>
    </net>
    <net code="29" name="unconnected-(J2-PadB3)">
      <node ref="J2" pin="B3" pinfunction="TX2-" pintype="bidirectional+no_connect"/>
    </net>
    <net code="30" name="unconnected-(J2-PadB8)">
      <node ref="J2" pin="B8" pinfunction="SBU2" pintype="bidirectional+no_connect"/>
    </net>
    <net code="31" name="unconnected-(J2-PadB10)">
      <node ref="J2" pin="B10" pinfunction="RX1-" pintype="bidirectional+no_connect"/>
    </net>
    <net code="32" name="unconnected-(J2-PadB11)">
      <node ref="J2" pin="B11" pinfunction="RX1+" pintype="bidirectional+no_connect"/>
    </net>
    <net code="33" name="unconnected-(J2-PadS1)">
      <node ref="J2" pin="S1" pinfunction="SHIELD" pintype="passive+no_connect"/>
    </net>
    <net code="34" name="unconnected-(U3-Pad2)">
      <node ref="U3" pin="2" pinfunction="GPIO0" pintype="bidirectional+no_connect"/>
    </net>
    <net code="35" name="unconnected-(U3-Pad3)">
      <node ref="U3" pin="3" pinfunction="GPIO1" pintype="bidirectional+no_connect"/>
    </net>
    <net code="36" name="unconnected-(U3-Pad4)">
      <node ref="U3" pin="4" pinfunction="GPIO2" pintype="bidirectional+no_connect"/>
    </net>
    <net code="37" name="unconnected-(U3-Pad5)">
      <node ref="U3" pin="5" pinfunction="GPIO3" pintype="bidirectional+no_connect"/>
    </net>
    <net code="38" name="unconnected-(U3-Pad6)">
      <node ref="U3" pin="6" pinfunction="GPIO4" pintype="bidirectional+no_connect"/>
    </net>
    <net code="39" name="unconnected-(U3-Pad7)">
      <node ref="U3" pin="7" pinfunction="GPIO5" pintype="bidirectional+no_connect"/>
    </net>
    <net code="40" name="unconnected-(U3-Pad8)">
      <node ref="U3" pin="8" pinfunction="GPIO6" pintype="bidirectional+no_connect"/>
    </net>
    <net code="41" name="unconnected-(U3-Pad9)">
      <node ref="U3" pin="9" pinfunction="GPIO7" pintype="bidirectional+no_connect"/>
    </net>
    <net code="42" name="unconnected-(U3-Pad11)">
      <node ref="U3" pin="11" pinfunction="GPIO8" pintype="bidirectional+no_connect"/>
    </net>
    <net code="43" name="unconnected-(U3-Pad12)">
      <node ref="U3" pin="12" pinfunction="GPIO9" pintype="bidirectional+no_connect"/>
    </net>
    <net code="44" name="unconnected-(U3-Pad13)">
      <node ref="U3" pin="13" pinfunction="GPIO10" pintype="bidirectional+no_connect"/>
    </net>
    <net code="45" name="unconnected-(U3-Pad14)">
      <node ref="U3" pin="14" pinfunction="GPIO11" pintype="bidirectional+no_connect"/>
    </net>
    <net code="46" name="unconnected-(U3-Pad15)">
      <node ref="U3" pin="15" pinfunction="GPIO12" pintype="bidirectional+no_connect"/>
    </net>
    <net code="47" name="unconnected-(U3-Pad16)">
      <node ref="U3" pin="16" pinfunction="GPIO13" pintype="bidirectional+no_connect"/>
    </net>
    <net code="48" name="unconnected-(U3-Pad17)">
      <node ref="U3" pin="17" pinfunction="GPIO14" pintype="bidirectional+no_connect"/>
    </net>
    <net code="49" name="unconnected-(U3-Pad18)">
      <node ref="U3" pin="18" pinfunction="GPIO15" pintype="bidirectional+no_connect"/>
    </net>
    <net code="50" name="unconnected-(U3-Pad27)">
      <node ref="U3" pin="27" pinfunction="GPIO16" pintype="bidirectional+no_connect"/>
    </net>
    <net code="51" name="unconnected-(U3-Pad28)">
      <node ref="U3" pin="28" pinfunction="GPIO17" pintype="bidirectional+no_connect"/>
    </net>
    <net code="52" name="unconnected-(U3-Pad29)">
      <node ref="U3" pin="29" pinfunction="GPIO18" pintype="bidirectional+no_connect"/>
    </net>
    <net code="53" name="unconnected-(U3-Pad30)">
      <node ref="U3" pin="30" pinfunction="GPIO19" pintype="bidirectional+no_connect"/>
    </net>
    <net code="54" name="unconnected-(U3-Pad31)">
      <node ref="U3" pin="31" pinfunction="GPIO20" pintype="bidirectional+no_connect"/>
    </net>
    <net code="55" name="unconnected-(U3-Pad32)">
      <node ref="U3" pin="32" pinfunction="GPIO21" pintype="bidirectional+no_connect"/>
    </net>
    <net code="56" name="unconnected-(U3-Pad34)">
      <node ref="U3" pin="34" pinfunction="GPIO22" pintype="bidirectional+no_connect"/>
    </net>
    <net code="57" name="unconnected-(U3-Pad35)">
      <node ref="U3" pin="35" pinfunction="GPIO23" pintype="bidirectional+no_connect"/>
    </net>
    <net code="58" name="unconnected-(U3-Pad36)">
      <node ref="U3" pin="36" pinfunction="GPIO24" pintype="bidirectional+no_connect"/>
    </net>
    <net code="59" name="unconnected-(U3-Pad37)">
      <node ref="U3" pin="37" pinfunction="GPIO25" pintype="bidirectional+no_connect"/>
    </net>
    <net code="60" name="unconnected-(U3-Pad38)">
      <node ref="U3" pin="38" pinfunction="GPIO26_ADC0" pintype="bidirectional+no_connect"/>
    </net>
    <net code="61" name="unconnected-(U3-Pad39)">
      <node ref="U3" pin="39" pinfunction="GPIO27_ADC1" pintype="bidirectional+no_connect"/>
    </net>
    <net code="62" name="unconnected-(U3-Pad40)">
      <node ref="U3" pin="40" pinfunction="GPIO28_ADC2" pintype="bidirectional+no_connect"/>
    </net>
    <net code="63" name="unconnected-(U3-Pad41)">
      <node ref="U3" pin="41" pinfunction="GPIO29_ADC3" pintype="bidirectional+no_connect"/>
    </net>
  </nets>
</export>
